{
  "experiment_name": "full_method_v2",
  "total_steps": 100,
  "metrics_path": "outputs/experiments/full_method_v2/full_method_v2_metrics.csv",
  "final_metrics": {
    "step": 100,
    "timestamp": 1345.7227756977081,
    "total_reward": -0.1025390625,
    "rm_score": -0.1025390625,
    "indicator_penalty": 0.0,
    "kl_penalty": 0.0,
    "response_length_mean": 256.0,
    "response_length_std": 0.0,
    "ppo_loss": 0.1268724501132965,
    "policy_loss": 0.0005826503038406372,
    "value_loss": 0.2509765625,
    "entropy": 1.1250860691070557,
    "approx_kl": -0.0009399652481079102,
    "clip_fraction": 0.0,
    "reward_mean": -0.1025390625,
    "reward_std": 0.0166015625,
    "reward_min": -0.1142578125,
    "reward_max": -0.0908203125,
    "advantage_mean": 0.51171875,
    "advantage_std": 0.2373046875,
    "gpu_memory_gb": 37.46552576,
    "feat_48659_activation": 0.0,
    "feat_28879_activation": 0.0,
    "feat_26446_activation": 0.0,
    "feat_48659_above_tau": 0.0,
    "feat_28879_above_tau": 0.0,
    "feat_26446_above_tau": 0.0
  }
}