{
  "experiment_name": "full_method",
  "total_steps": 100,
  "metrics_path": "outputs/experiments/full_method/full_method_metrics.csv",
  "final_metrics": {
    "step": 100,
    "timestamp": 1388.6862857341766,
    "total_reward": -0.1318359375,
    "rm_score": -0.1318359375,
    "indicator_penalty": 0.0,
    "kl_penalty": 0.0,
    "response_length_mean": 256.0,
    "response_length_std": 0.0,
    "ppo_loss": 0.7412762641906738,
    "policy_loss": -9.57101583480835e-05,
    "value_loss": 1.51171875,
    "entropy": 1.3023951053619385,
    "approx_kl": -5.5029988288879395e-05,
    "clip_fraction": 0.0,
    "reward_mean": -0.1318359375,
    "reward_std": 0.004150390625,
    "reward_min": -0.134765625,
    "reward_max": -0.12890625,
    "advantage_mean": 0.16796875,
    "advantage_std": 1.703125,
    "gpu_memory_gb": 37.46552576,
    "feat_48659_activation": 0.0,
    "feat_28879_activation": 0.0,
    "feat_26446_activation": 0.0,
    "feat_48659_above_tau": 0.0,
    "feat_28879_above_tau": 0.0,
    "feat_26446_above_tau": 0.0
  }
}