{
  "experiment_name": "ablation_tau_2",
  "total_steps": 100,
  "metrics_path": "outputs/experiments/ablation_tau_2/ablation_tau_2_metrics.csv",
  "final_metrics": {
    "step": 100,
    "timestamp": 1346.7059202194214,
    "total_reward": -0.15234375,
    "rm_score": -0.10205078125,
    "indicator_penalty": 0.050048828125,
    "kl_penalty": 0.0,
    "response_length_mean": 256.0,
    "response_length_std": 0.0,
    "ppo_loss": 0.7515835762023926,
    "policy_loss": 0.0006186813116073608,
    "value_loss": 1.49609375,
    "entropy": 1.0525288581848145,
    "approx_kl": 0.0007529407739639282,
    "clip_fraction": 0.0,
    "reward_mean": -0.15234375,
    "reward_std": 0.099609375,
    "reward_min": -0.22265625,
    "reward_max": -0.08154296875,
    "advantage_mean": -1.140625,
    "advantage_std": 0.6640625,
    "gpu_memory_gb": 37.46552576,
    "feat_48659_activation": 0.0,
    "feat_28879_activation": 3.0,
    "feat_26446_activation": 0.0,
    "feat_48659_above_tau": 0.0,
    "feat_28879_above_tau": 0.5,
    "feat_26446_above_tau": 0.0
  }
}