{
  "experiment_name": "verbosity_real",
  "total_steps": 100,
  "metrics_path": "outputs/experiments/verbosity_real/verbosity_real_metrics.csv",
  "final_metrics": {
    "step": 100,
    "timestamp": 676.9724161624908,
    "total_reward": -0.33984375,
    "rm_score": -0.0908203125,
    "indicator_penalty": 0.25,
    "kl_penalty": 0.0,
    "response_length_mean": 128.0,
    "response_length_std": 0.0,
    "ppo_loss": 0.1325439214706421,
    "policy_loss": 0.0002483874559402466,
    "value_loss": 0.279296875,
    "entropy": 1.6734580993652344,
    "approx_kl": -0.0001876354217529297,
    "clip_fraction": 0.0,
    "reward_mean": -0.33984375,
    "reward_std": 0.11181640625,
    "reward_min": -0.419921875,
    "reward_max": -0.26171875,
    "advantage_mean": -0.34375,
    "advantage_std": 0.5703125,
    "gpu_memory_gb": 35.238754304,
    "feat_10157_activation": 6.75,
    "feat_29733_activation": 6.875,
    "feat_6326_activation": 3.203125,
    "feat_10157_above_tau": 1.0,
    "feat_29733_above_tau": 1.0,
    "feat_6326_above_tau": 0.5
  }
}