{
  "experiment_name": "verbosity_control",
  "total_steps": 100,
  "metrics_path": "outputs/experiments/verbosity_control/verbosity_control_metrics.csv",
  "final_metrics": {
    "step": 100,
    "timestamp": 676.938591003418,
    "total_reward": -0.296875,
    "rm_score": -0.09716796875,
    "indicator_penalty": 0.2001953125,
    "kl_penalty": 0.0,
    "response_length_mean": 128.0,
    "response_length_std": 0.0,
    "ppo_loss": 0.6366754174232483,
    "policy_loss": 0.008867084980010986,
    "value_loss": 1.2734375,
    "entropy": 1.5597995519638062,
    "approx_kl": -0.000547453761100769,
    "clip_fraction": 0.0,
    "reward_mean": -0.296875,
    "reward_std": 0.0400390625,
    "reward_min": -0.326171875,
    "reward_max": -0.26953125,
    "advantage_mean": 1.109375,
    "advantage_std": 0.55859375,
    "gpu_memory_gb": 35.238754304,
    "feat_29733_activation": 6.4375,
    "feat_53553_activation": 1.890625,
    "feat_3402_activation": 3.0625,
    "feat_29733_above_tau": 1.0,
    "feat_53553_above_tau": 0.5,
    "feat_3402_above_tau": 0.5
  }
}